[
	{
		"status": "waiting",
		"letter": "",
		"index": -1,
		"error": 0
      	},
	{
		"status": "printing",
		"letter": "",
		"index": 0,
		"error": 0
      	},
	{
		"status": "printing",
		"letter": "",
		"index": 1,
		"error": 0
      	},
	{
		"status": "printing",
		"letter": "",
		"index": 2,
		"error": 0
      	},
	{
		"status": "printing",
		"letter": "",
		"index": 3,
		"error": 0
      	},
	{
		"status": "printing",
		"letter": "",
		"index": 4,
		"error": 0
      	},
	{
		"status": "printing",
		"letter": "",
		"index": 5,
		"error": 0
      	},
	{
		"status": "printing",
		"letter": "",
		"index": 6,
		"error": 0
      	},
	{
		"status": "printing",
		"letter": "",
		"index": 7,
		"error": 0
      	},
	{
		"status": "error",
		"letter": "",
		"index": -1,
		"error": 911
      	},
	{
		"status": "printing",
		"letter": "",
		"index": 8,
		"error": 0
      	},
	{
		"status": "printing",
		"letter": "",
		"index": 9,
		"error": 0
      	},
	{
		"status": "printing",
		"letter": "",
		"index": 10,
		"error": 0
      	},
	{
		"status": "printing",
		"letter": "",
		"index": 11,
		"error": 0
      	},
	{
		"status": "printing",
		"letter": "",
		"index": 12,
		"error": 0
      	},
	{
		"status": "printing",
		"letter": "",
		"index": 13,
		"error": 0
      	},
	{
		"status": "printing",
		"letter": "",
		"index": 14,
		"error": 0
      	},
	{
		"status": "printing",
		"letter": "",
		"index": 15,
		"error": 0
      	},
	{
		"status": "error",
		"letter": "",
		"index": -1,
		"error": 912
      	},
	{
		"status": "printing",
		"letter": "",
		"index": 16,
		"error": 0
      	},
	{
		"status": "printing",
		"letter": "",
		"index": 17,
		"error": 0
      	},
	{
		"status": "printing",
		"letter": "",
		"index": 18,
		"error": 0
      	},
	{
		"status": "printing",
		"letter": "",
		"index": 19,
		"error": 0
      	},
	{
		"status": "printing",
		"letter": "",
		"index": 20,
		"error": 0
      	},
	{
		"status": "printing",
		"letter": "",
		"index": 21,
		"error": 0
      	},
	{
		"status": "printing",
		"letter": "",
		"index": 22,
		"error": 0
      	},
	{
		"status": "printing",
		"letter": "",
		"index": 23,
		"error": 0
      	},
	{
		"status": "printing",
		"letter": "",
		"index": 24,
		"error": 0
      	},
	{
		"status": "printing",
		"letter": "",
		"index": 25,
		"error": 0
      	},
	{
		"status": "waiting",
		"letter": "",
		"index": -1,
		"error": 0
      	}
]